product_id,product_name,brand,category,subcategory,price,original_price,rating,review_count,description,features,color,availability,image_url
P001,Sony WH-CH520 Wireless Headphones,Sony,Headphones,Over-Ear,3499,4990,4.4,12450,Lightweight wireless headphones with 50-hour battery life and multipoint connection for seamless switching between devices.,"Bluetooth 5.2, 50hr battery, Multipoint connection, Foldable design, Built-in mic",Black,In Stock,https://picsum.photos/seed/3169/320/240
P002,Sony WH-1000XM5 Noise Cancelling Headphones,Sony,Headphones,Over-Ear,24990,34990,4.7,8920,Industry-leading noise cancellation with 30-hour battery. Premium audio experience for music lovers.,"ANC, 30hr battery, LDAC, Speak-to-Chat, Multipoint, Premium sound",Black,In Stock,https://picsum.photos/seed/2796/320/240
P003,JBL Tune 510BT Wireless Headphones,JBL,Headphones,Over-Ear,2499,3499,4.2,18760,Pure Bass sound with 40-hour mega battery. Comfortable earcups for all-day wear.,"Bluetooth 5.0, 40hr battery, Pure Bass, Foldable, Voice assistant",Blue,In Stock,https://picsum.photos/seed/9150/320/240
P004,Boat Rockerz 450 Bluetooth Headphones,Boat,Headphones,Over-Ear,1299,2990,4.1,34500,Immersive sound with deep bass response and 15-hour playback. Perfect entry-level wireless headphones.,"Bluetooth 5.0, 15hr battery, 40mm drivers, Foldable, Hands-free calls",Red,In Stock,https://picsum.photos/seed/231/320/240
P005,Sennheiser HD 450BT Wireless Headphones,Sennheiser,Headphones,Over-Ear,7990,11990,4.5,5670,Active noise cancellation with audiophile-grade sound. 30-hour battery life and USB-C charging.,"ANC, 30hr battery, foldable, USB-C, Bluetooth 5.0",Black,In Stock,https://picsum.photos/seed/6082/320/240
P006,Sony WH-XB910N Extra Bass Headphones,Sony,Headphones,Over-Ear,14990,19990,4.3,4230,Extra Bass headphones with noise cancellation. Perfect for bass-heavy music genres.,"Extra BASS, ANC, 30hr battery, Multipoint, DSEE",Black,In Stock,https://picsum.photos/seed/6444/320/240
P007,Audio-Technica ATH-M50x Headphones,Audio-Technica,Headphones,Over-Ear,12500,15000,4.6,9870,Professional studio monitor headphones. Exceptional clarity and accurate sound for critical listening.,"45mm drivers, 270-degree rotation, Detachable cable, Studio reference",Black,In Stock,https://picsum.photos/seed/9488/320/240
P008,Bose QuietComfort 45 Headphones,Bose,Headphones,Over-Ear,29900,35000,4.7,6540,World-class noise cancellation with premium comfort. 24-hour battery and high-fidelity audio.,"ANC, 24hr battery, Aware mode, USB-C, Multipoint",White,In Stock,https://picsum.photos/seed/8483/320/240
P009,Boat Bassheads 900 Wired Headphones,Boat,Headphones,Over-Ear,699,1299,3.9,22100,Powerful wired headphones with 40mm drivers and deep bass. Budget-friendly option for casual listening.,"40mm drivers, Deep bass, In-line mic, 1.5m cable",Black,In Stock,https://picsum.photos/seed/6754/320/240
P010,Zebronics Zeb-Thunder Bluetooth Headphones,Zebronics,Headphones,Over-Ear,999,1999,3.8,15670,Budget wireless headphones with 9-hour playback and built-in FM radio. Good value for money.,"Bluetooth 5.0, 9hr battery, FM radio, SD card, Foldable",Black,In Stock,https://picsum.photos/seed/5778/320/240
P011,Sony WF-1000XM5 True Wireless Earbuds,Sony,Earbuds,True Wireless,21990,29990,4.6,7840,Best-in-class noise cancellation earbuds with 8-hour battery. Crystal clear calls and premium audio.,"ANC, 8hr+16hr case, LDAC, Speak-to-Chat, IPX4",Black,In Stock,https://picsum.photos/seed/4380/320/240
P012,Samsung Galaxy Buds2 Pro True Wireless,Samsung,Earbuds,True Wireless,12999,16999,4.4,11230,Hi-Fi sound with intelligent ANC. Ergonomic design for comfortable extended wear.,"ANC, 8hr+16hr case, 360 audio, IPX7, Hi-Fi sound",White,In Stock,https://picsum.photos/seed/6302/320/240
P013,Boat Airdopes 141 True Wireless Earbuds,Boat,Earbuds,True Wireless,999,2499,4.0,56780,ENx tech for clear calls with 42-hour total playtime. Best-selling budget TWS earbuds.,"42hr total, ENx technology, IPX4, Bluetooth 5.1, Touch controls",Black,In Stock,https://picsum.photos/seed/6881/320/240
P014,OnePlus Buds Pro 2 True Wireless,OnePlus,Earbuds,True Wireless,9999,12999,4.3,8450,Adaptive noise cancellation with Google Tensor A1 chip. 39-hour total battery life.,"ANC, 39hr total, LHDC, Spatial audio, IPX5",Black,In Stock,https://picsum.photos/seed/3833/320/240
P015,Apple AirPods Pro 2nd Gen,Apple,Earbuds,True Wireless,24900,27900,4.7,18960,All-new H2 chip with transparency mode and Adaptive Audio. Best for Apple ecosystem users.,"ANC, Adaptive audio, H2 chip, IPX4, Spatial audio",White,In Stock,https://picsum.photos/seed/8986/320/240
P016,JBL Tune 230NC True Wireless,JBL,Earbuds,True Wireless,4999,6999,4.2,9870,Active noise cancellation at an affordable price. 40-hour total battery with quick charge.,"ANC, 40hr total, IPX4, Bluetooth 5.2, Smart ambient",White,In Stock,https://picsum.photos/seed/6874/320/240
P017,Realme Buds Air 5 Pro True Wireless,Realme,Earbuds,True Wireless,3999,5999,4.1,12340,50dB ANC with 38-hour total battery. LDAC support at a budget-friendly price.,"50dB ANC, LDAC, 38hr total, IPX5, Bluetooth 5.3",White,In Stock,https://picsum.photos/seed/8283/320/240
P018,Nothing Ear 2 True Wireless Earbuds,Nothing,Earbuds,True Wireless,9999,11999,4.4,7650,Unique transparent design with Hi-Res Audio certification. Dual-connection and 36-hour battery.,"ANC, 36hr total, Hi-Res Audio, LHDC, Dual connection",White,In Stock,https://picsum.photos/seed/7425/320/240
P019,Samsung Galaxy S24 Ultra Smartphone,Samsung,Smartphones,Flagship,134999,144999,4.7,15670,200MP camera with S-Pen support. Titanium design and AI-powered features for productivity.,"200MP camera, S-Pen, 5000mAh, 45W charging, AI features",Titanium Black,In Stock,https://picsum.photos/seed/457/320/240
P020,Apple iPhone 15 Smartphone,Apple,Smartphones,Flagship,79900,84900,4.6,22340,Dynamic Island and powerful A16 Bionic chip. 48MP main camera for stunning photography.,"48MP camera, A16 Bionic, Dynamic Island, USB-C, 15hr video",Black,In Stock,https://picsum.photos/seed/479/320/240
P021,OnePlus 12 5G Smartphone,OnePlus,Smartphones,Flagship,64999,69999,4.5,18900,Snapdragon 8 Gen 3 with Hasselblad camera. 100W SUPERVOOC charging for 0-100% in 26 minutes.,"Snapdragon 8 Gen 3, 100W charging, Hasselblad, 5400mAh",Flowy Emerald,In Stock,https://picsum.photos/seed/7545/320/240
P022,Samsung Galaxy A55 5G Smartphone,Samsung,Smartphones,Mid-Range,38999,42999,4.3,12450,Premium design with Exynos 1480 chip. 50MP OIS camera and 5000mAh battery.,"50MP OIS, Exynos 1480, 5000mAh, 25W charging, IP67",Awesome Iceblue,In Stock,https://picsum.photos/seed/8797/320/240
P023,Redmi Note 13 Pro+ 5G Smartphone,Xiaomi,Smartphones,Mid-Range,29999,33999,4.4,24560,200MP camera with 120W HyperCharge. Curved display and premium build quality.,"200MP camera, 120W charging, Curved display, Dimensity 7200",Midnight Black,In Stock,https://picsum.photos/seed/8921/320/240
P024,Realme 12 Pro+ 5G Smartphone,Realme,Smartphones,Mid-Range,27999,31999,4.2,9870,Sony LYT-808 periscope camera with 3x optical zoom. Premium design at mid-range price.,"Sony LYT-808, 3x zoom, 67W charging, Dimensity 7050",Navigator Beige,In Stock,https://picsum.photos/seed/4918/320/240
P025,iQOO Neo 9 Pro 5G Smartphone,iQOO,Smartphones,Mid-Range,36999,39999,4.5,7650,Snapdragon 8 Gen 2 flagship chip at mid-range price. 144Hz display and 120W charging.,"Snapdragon 8 Gen 2, 144Hz, 120W charging, Gaming optimized",Fiery Red,In Stock,https://picsum.photos/seed/5268/320/240
P026,Poco X6 Pro 5G Smartphone,Poco,Smartphones,Budget,24999,27999,4.3,18760,Dimensity 8300-Ultra with 144Hz Flow AMOLED. Impressive performance at budget-friendly price.,"Dimensity 8300, 144Hz AMOLED, 67W charging, 64MP camera",Black,In Stock,https://picsum.photos/seed/1855/320/240
P027,Apple MacBook Air M2 Laptop,Apple,Laptops,Ultrabook,114900,119900,4.8,8760,Ultra-thin design with M2 chip. 18-hour battery life and stunning Liquid Retina display.,"M2 chip, 18hr battery, 13.6 inch Liquid Retina, 8GB RAM, 256GB SSD",Midnight,In Stock,https://picsum.photos/seed/850/320/240
P028,Dell XPS 15 Laptop,Dell,Laptops,Premium,139999,149999,4.6,4230,OLED display with 12th Gen Intel Core i7. Professional laptop for creative professionals.,"i7, 16GB RAM, 512GB SSD, OLED 3.5K, NVIDIA RTX 3050",Silver,In Stock,https://picsum.photos/seed/3693/320/240
P029,Asus ROG Strix G16 Gaming Laptop,Asus,Laptops,Gaming,89990,99990,4.5,6540,RTX 4070 gaming laptop with 165Hz display. Advanced cooling for sustained peak performance.,"RTX 4070, i9 13th Gen, 16GB DDR5, 1TB SSD, 165Hz",Eclipse Gray,In Stock,https://picsum.photos/seed/4637/320/240
P030,HP Pavilion 15 Laptop,HP,Laptops,Mainstream,65999,72999,4.2,9870,Intel Core i5 with 16GB RAM for smooth multitasking. Good balance of performance and value.,"i5 13th Gen, 16GB RAM, 512GB SSD, 15.6 inch FHD, Intel Iris Xe",Silver,In Stock,https://picsum.photos/seed/9512/320/240
P031,Lenovo IdeaPad Slim 5 Laptop,Lenovo,Laptops,Mainstream,58999,64999,4.3,12450,AMD Ryzen 7 with OLED display at an attractive price point. Ideal for students and professionals.,"Ryzen 7 7730U, 16GB RAM, 512GB SSD, 14 inch OLED, Backlit keyboard",Dark Aura,In Stock,https://picsum.photos/seed/589/320/240
P032,Asus VivoBook 15 Laptop,Asus,Laptops,Budget,44999,51999,4.1,18760,Lightweight with AMD Ryzen 5 for everyday computing. Perfect for students on a budget.,"Ryzen 5 5600H, 8GB RAM, 512GB SSD, 15.6 FHD, ASUS NumberPad",Transparent Silver,In Stock,https://picsum.photos/seed/7427/320/240
P033,MSI Thin GF63 Gaming Laptop,MSI,Laptops,Gaming,69999,79999,4.2,7650,RTX 4050 for 1080p gaming on the go. Thin and light gaming laptop with good thermal performance.,"RTX 4050, i7 12th Gen, 16GB RAM, 512GB NVMe, 144Hz FHD",Black,In Stock,https://picsum.photos/seed/1468/320/240
P034,Samsung Galaxy Watch 6 Classic Smartwatch,Samsung,Smartwatches,Premium,34999,39999,4.5,8760,Rotating bezel design with advanced health tracking. BioActive sensor for comprehensive monitoring.,"Rotating bezel, BioActive sensor, Sleep coaching, GPS, 5ATM",Black,In Stock,https://picsum.photos/seed/9839/320/240
P035,Apple Watch Series 9 Smartwatch,Apple,Smartwatches,Premium,41900,44900,4.7,12340,S9 SiP chip with double tap gesture. Brightest Apple Watch ever with health monitoring.,"S9 chip, Double tap, 18hr battery, Crash detection, ECG",Midnight,In Stock,https://picsum.photos/seed/981/320/240
P036,Amazfit GTR 4 Smartwatch,Amazfit,Smartwatches,Mid-Range,14999,18999,4.3,18900,150+ sports modes with Zepp OS 2.0. 14-day battery life and dual-band GPS.,"150+ sports, 14 day battery, Dual GPS, Blood oxygen, AMOLED",Black,In Stock,https://picsum.photos/seed/8326/320/240
P037,Boat Xtend Pro Smartwatch,Boat,Smartwatches,Budget,3499,5999,3.9,24560,Large 1.78-inch display with 10-day battery. Active Black design with multiple sports modes.,"1.78 inch display, 10 day battery, 100+ sports, SpO2, HR monitor",Active Black,In Stock,https://picsum.photos/seed/1551/320/240
P038,Garmin Forerunner 265 Smartwatch,Garmin,Smartwatches,Premium,44999,49999,4.6,5670,Advanced running dynamics and training readiness. AMOLED display for outdoor runners.,"Running dynamics, HRV status, AMOLED, Music, GPS, 13day battery",Black/Aqua,In Stock,https://picsum.photos/seed/7440/320/240
P039,Fitbit Charge 6 Fitness Tracker,Fitbit,Smartwatches,Fitness,14999,17999,4.3,9870,Google integration with real-time heart rate and ECG. Active Zone Minutes for effective workouts.,"Google integration, ECG, GPS, NFC payments, 7day battery",Coral,In Stock,https://picsum.photos/seed/1884/320/240
P040,Noise ColorFit Pro 4 Smartwatch,Noise,Smartwatches,Budget,3999,7999,3.8,34560,AMOLED display with 100+ watch faces. Good budget smartwatch for daily health tracking.,"AMOLED, 100+ watch faces, SpO2, 7 day battery, BT calling",Black,In Stock,https://picsum.photos/seed/6323/320/240
P041,Apple iPad Air M2 Tablet,Apple,Tablets,Premium,69900,74900,4.7,8760,M2 chip with 10.9-inch Liquid Retina display. Perfect for creative work and entertainment.,"M2 chip, 10.9 inch Liquid Retina, USB-C, Touch ID, Apple Pencil support",Blue,In Stock,https://picsum.photos/seed/8837/320/240
P042,Samsung Galaxy Tab S9 Tablet,Samsung,Tablets,Premium,73999,82999,4.6,6540,Dynamic AMOLED 2X with S-Pen included. IP68 rating for durability.,"Dynamic AMOLED 2X, S-Pen included, Snapdragon 8 Gen 2, IP68, 12GB RAM",Beige,In Stock,https://picsum.photos/seed/561/320/240
P043,Lenovo Tab P12 Tablet,Lenovo,Tablets,Mid-Range,37999,42999,4.3,7650,12.7-inch display with Dolby Atmos speakers. Good multimedia tablet for content consumption.,"12.7 inch 3K display, Dolby Atmos, 10200mAh, Keyboard support",Gray,In Stock,https://picsum.photos/seed/5461/320/240
P044,Realme Pad 2 Tablet,Realme,Tablets,Budget,19999,22999,4.1,9870,Unisoc T616 with 11.5-inch 2K display. Slim design with good battery life for everyday use.,"11.5 inch 2K, 6000mAh, Dolby Atmos, 4 speakers, 18W charging",Gray,In Stock,https://picsum.photos/seed/4133/320/240
P045,Sony ZV-E10 II Mirrorless Camera,Sony,Cameras,Mirrorless,88920,95000,4.6,4230,26MP APS-C sensor perfect for vlogging with real-time tracking. Interchangeable lenses.,"26MP APS-C, Real-time tracking, 4K video, Flip screen, E-mount",Black,In Stock,https://picsum.photos/seed/6004/320/240
P046,Canon EOS M50 Mark II Mirrorless,Canon,Cameras,Mirrorless,55000,65000,4.5,6540,24.1MP APS-C with Dual Pixel CMOS AF. Perfect for content creators and beginners.,"24.1MP, Dual Pixel AF, 4K video, Flip screen, EF-M mount",Black,In Stock,https://picsum.photos/seed/2041/320/240
P047,Fujifilm Instax Mini 12 Camera,Fujifilm,Cameras,Instant,7990,9990,4.4,18900,Pastel design instant camera with automatic brightness adjustment. Easy to use for everyone.,"Automatic exposure, Close-up mode, 60mm lens, Pastel design",Mint Green,In Stock,https://picsum.photos/seed/1584/320/240
P048,GoPro Hero12 Black Action Camera,GoPro,Cameras,Action,44999,49999,4.5,8760,5.3K60 video with HyperSmooth 6.0 stabilization. Waterproof without housing up to 10m.,"5.3K video, HyperSmooth 6.0, 10m waterproof, HDR, 27MP photo",Black,In Stock,https://picsum.photos/seed/8918/320/240
P049,Samsung Crystal 4K 50-inch TV,Samsung,TVs,4K TV,42999,52999,4.3,12450,Crystal 4K processor with PurColor technology. Smart TV with Tizen OS and voice control.,"4K, PurColor, Tizen OS, HDMI 2.1, Q-Symphony",Black,In Stock,https://picsum.photos/seed/3518/320/240
P050,Sony Bravia XR 55-inch 4K TV,Sony,TVs,4K TV,109990,129990,4.7,6540,Cognitive Processor XR with XR OLED Contrast. Perfect home theater experience.,"OLED, XR processor, Dolby Vision, Atmos, Google TV, 120Hz",Black,In Stock,https://picsum.photos/seed/5592/320/240
P051,LG OLED C3 55-inch TV,LG,TVs,OLED TV,139990,159990,4.8,5670,evo panel with α9 AI Processor. Best gaming TV with 4x HDMI 2.1 ports.,"OLED evo, α9 Gen6 AI, Dolby Vision IQ, 4x HDMI 2.1, G-Sync",Black,In Stock,https://picsum.photos/seed/9517/320/240
P052,Mi Smart TV 5A 32-inch TV,Xiaomi,TVs,Smart TV,12999,16999,4.1,34560,Budget-friendly smart TV with Android TV. Good for small rooms and student dorms.,"Android TV, 20W speakers, HDMI 2.0, Chromecast built-in",Black,In Stock,https://picsum.photos/seed/3735/320/240
P053,JBL Flip 6 Portable Bluetooth Speaker,JBL,Speakers,Portable,10999,13999,4.5,22100,IP67 waterproof with 12-hour playtime. Pro Sound with PartyBoost for stereo sound.,"IP67, 12hr playback, PartyBoost, USB-C, Powerful bass",Blue,In Stock,https://picsum.photos/seed/9994/320/240
P054,Sony SRS-XB33 Bluetooth Speaker,Sony,Speakers,Portable,12999,16999,4.4,12450,Extra Bass with a 24-hour battery. LIVE SOUND mode creates an immersive listening experience.,"Extra BASS, 24hr battery, IP67, 24W output, Party Connect",Black,In Stock,https://picsum.photos/seed/8724/320/240
P055,Boat Stone 650 Bluetooth Speaker,Boat,Speakers,Portable,2499,4999,4.0,45670,12W stereo sound with 7-hour playtime. Waterproof design for outdoor adventures.,"12W stereo, 7hr playback, IPX5, Bluetooth 5.0, TWS mode",Black,In Stock,https://picsum.photos/seed/8713/320/240
P056,Marshall Emberton II Bluetooth Speaker,Marshall,Speakers,Portable,14999,17999,4.6,9870,True stereophonic sound with signature vintage design. 30-hour battery life.,"True stereophonic, 30hr battery, IP67, USB-C, Stack Mode",Black/Brass,In Stock,https://picsum.photos/seed/4432/320/240
P057,Sonos Era 100 Smart Speaker,Sonos,Speakers,Smart,22990,24990,4.5,4230,Redesigned with stereo sound and Bluetooth. Works with Alexa and assistant for smart home.,"Stereo sound, WiFi + Bluetooth, Alexa, Trueplay, USB-C",Black,In Stock,https://picsum.photos/seed/5883/320/240
P058,Sony PS5 Gaming Console,Sony,Gaming,Console,54990,59990,4.8,18760,Ray tracing and 4K gaming at 120fps. Haptic feedback DualSense controller for immersive gaming.,"Ray tracing, 4K 120fps, Haptic feedback, SSD, 3D audio",White,In Stock,https://picsum.photos/seed/3046/320/240
P059,Xbox Series X Gaming Console,Microsoft,Gaming,Console,52990,54990,4.7,12450,12 teraflops of power with Quick Resume. Backward compatible with thousands of games.,"12 TF GPU, Quick Resume, 4K 120fps, SSD, Xbox Game Pass",Black,In Stock,https://picsum.photos/seed/4947/320/240
P060,Nintendo Switch OLED Gaming Console,Nintendo,Gaming,Console,34999,36999,4.8,22100,Vibrant 7-inch OLED screen for handheld gaming. Enhanced audio with wide adjustable stand.,"7-inch OLED, Handheld + TV mode, 64GB storage, Enhanced audio",White,In Stock,https://picsum.photos/seed/5850/320/240
P061,Razer DeathAdder V3 Gaming Mouse,Razer,Gaming,Mouse,7999,8999,4.6,8760,Focus Pro 30K optical sensor at 90g ultra-lightweight. 90-hour battery for wireless gaming.,"30K DPI, 90g weight, 90hr battery, HyperSpeed wireless, 5 buttons",Black,In Stock,https://picsum.photos/seed/9090/320/240
P062,Logitech G502 X Plus Gaming Mouse,Logitech,Gaming,Mouse,8499,9999,4.5,6540,LIGHTFORCE hybrid optical-mechanical switches. HERO 25K sensor and LIGHTSPEED wireless.,"HERO 25K sensor, LIGHTFORCE switches, 89g, LIGHTSYNC RGB, 60hr",Black,In Stock,https://picsum.photos/seed/9953/320/240
P063,Cosmic Byte CB-GK-17 Gaming Mouse,Cosmic Byte,Gaming,Mouse,1499,2499,4.0,18900,7200 DPI optical sensor with 7 programmable buttons. RGB lighting for budget gamers.,"7200 DPI, 7 buttons, RGB, 180cm cable, Ergonomic design",Black,In Stock,https://picsum.photos/seed/9828/320/240
P064,Ant Esports GM200W Gaming Mouse,Ant Esports,Gaming,Mouse,799,1499,3.9,24560,3200 DPI optical sensor with 6 buttons. Entry-level gaming mouse with adjustable DPI.,"3200 DPI, 6 buttons, Adjustable DPI, USB wired, Ergonomic",Black,In Stock,https://picsum.photos/seed/8339/320/240
P065,Fantech Crypto VX7 Gaming Mouse,Fantech,Gaming,Mouse,1299,2199,3.8,12340,5000 DPI PixArt sensor with honeycomb design for lightweight feel. Good value mouse.,"5000 DPI, Honeycomb, 6 buttons, RGB, 61g weight",Black,In Stock,https://picsum.photos/seed/2204/320/240
P066,Logitech MX Keys S Keyboard,Logitech,Accessories,Keyboard,10499,11999,4.6,7650,Backlit keys with Smart Actions and USB-C charging. Works across 3 devices simultaneously.,"Backlit, 3 device, USB-C, Logi AI prompt builder, Smart Actions",Space Grey,In Stock,https://picsum.photos/seed/3228/320/240
P067,Keychron K2 Pro Wireless Keyboard,Keychron,Accessories,Keyboard,9999,11999,4.7,9870,Hot-swappable mechanical keyboard with Bluetooth 5.1. Compatible with Mac and Windows.,"Hot-swappable, Bluetooth 5.1, RGB, 75% layout, Gateron switches",Black,In Stock,https://picsum.photos/seed/4073/320/240
P068,Redgear MK881 Gaming Keyboard,Redgear,Accessories,Keyboard,1999,3499,3.9,22100,Mechanical gaming keyboard with blue switches and RGB backlight. Budget gaming peripherals.,"Blue switches, RGB, Anti-ghosting, Media keys, Wrist rest",Black,In Stock,https://picsum.photos/seed/3816/320/240
P069,Logitech C920 HD Pro Webcam,Logitech,Accessories,Webcam,7999,9999,4.5,18760,1080p/30fps with dual microphones. Glass lens for razor-sharp image quality in video calls.,"1080p, Dual mic, Glass lens, Auto-focus, USB-A, Works with Zoom",Black,In Stock,https://picsum.photos/seed/4632/320/240
P070,Anker USB-C Hub 7-in-1,Anker,Accessories,Hub,3499,4499,4.4,34560,"7-in-1 hub with 4K HDMI, 100W PD, and SD card reader. Essential for MacBook and laptop users.","4K HDMI, 100W PD, USB-A 3.0, SD card, Compact design",Grey,In Stock,https://picsum.photos/seed/7753/320/240
P071,Sony WH-CH720N Noise Cancelling,Sony,Headphones,Over-Ear,4999,7990,4.3,15670,Lightweight ANC headphones at 192g. 35-hour battery with quick charge and dual device pairing.,"ANC, 35hr battery, 192g lightweight, Multipoint, USB-C",Blue,In Stock,https://picsum.photos/seed/9618/320/240
P072,JBL Live 660NC Wireless Headphones,JBL,Headphones,Over-Ear,6999,9999,4.3,8760,Up to 70-hour battery with ANC. Adaptive noise cancellation that adjusts to surroundings.,"70hr battery, ANC, Adaptive, 3-mic, JBL Personi-Fi",Blue,In Stock,https://picsum.photos/seed/6326/320/240
P073,Boat Nirvana Ion ANC Headphones,Boat,Headphones,Over-Ear,2999,5999,4.0,18760,45dB Active Noise Cancellation with Hybrid ANC tech. 60-hour grand battery life.,"45dB ANC, 60hr battery, Hybrid ANC, Beast mode, ASAP charge",Black,In Stock,https://picsum.photos/seed/466/320/240
P074,Skullcandy Crusher ANC 2 Headphones,Skullcandy,Headphones,Over-Ear,14999,18999,4.2,6540,Adjustable sensory bass with personalized ANC. 50-hour battery for extended listening sessions.,"Adjustable Bass, Personalized ANC, 50hr, Tile tracker, USB-C",Black,In Stock,https://picsum.photos/seed/6013/320/240
P075,Zebronics Zeb-Master PRO Headphones,Zebronics,Headphones,Over-Ear,1799,3499,3.7,22100,Budget over-ear headphones with 40mm drivers. Good sound for the price with foldable design.,"40mm drivers, Bluetooth 5.0, 30hr battery, Foldable, Wired mode",Black,In Stock,https://picsum.photos/seed/4237/320/240
P076,Xiaomi Redmi Buds 5 Pro TWS,Xiaomi,Earbuds,True Wireless,3999,5999,4.2,24560,46dB ANC with 38-hour total battery. Spatial audio and LHDC 5.0 at budget price.,"46dB ANC, 38hr total, Spatial audio, LHDC 5.0, IPX4",Blue,In Stock,https://picsum.photos/seed/3559/320/240
P077,Jabra Elite 10 True Wireless,Jabra,Earbuds,True Wireless,22999,25999,4.5,5670,Jabra ComfortFit for all-day comfort. Advanced ANC with MultiSensor Voice for crisp calls.,"ANC, MultiSensor Voice, 6hr+18hr, Spatial sound, IP57",Black,In Stock,https://picsum.photos/seed/743/320/240
P078,Boat Airdopes 311 Pro TWS,Boat,Earbuds,True Wireless,1299,2999,3.8,45670,Up to 30-hour total playback with ENx tech. Budget TWS earbuds with IPX4 water resistance.,"30hr total, ENx, IPX4, Bluetooth 5.3, Instant voice assistant",Black,In Stock,https://picsum.photos/seed/5669/320/240
P079,Oppo Find N3 Flip Smartphone,Oppo,Smartphones,Flagship,89999,94999,4.5,3450,6.8-inch full LTPO display with Hasselblad camera. Compact foldable for stylish users.,"Foldable, Hasselblad, Dimensity 9200, 4300mAh, 44W",Black,In Stock,https://picsum.photos/seed/9395/320/240
P080,Vivo V30 Pro 5G Smartphone,Vivo,Smartphones,Mid-Range,39999,44999,4.3,7650,ZEISS optics with IMX921 50MP sensor. Curved AMOLED display and 80W FlashCharge.,"ZEISS, 50MP IMX921, 80W charging, Dimensity 9200+, Curved AMOLED",Blue,In Stock,https://picsum.photos/seed/2712/320/240
P081,Motorola Edge 50 Pro 5G Smartphone,Motorola,Smartphones,Mid-Range,31999,35999,4.2,9870,IntelliShutter AI camera with 125W TurboPower charging. Stock Android experience.,"125W charging, IntelliShutter, Snapdragon 7 Gen 3, OLED, IP68",Black,In Stock,https://picsum.photos/seed/8117/320/240
P082,Asus Zenfone 10 Compact Smartphone,Asus,Smartphones,Flagship,57999,64999,4.6,5670,5.9-inch compact flagship with Snapdragon 8 Gen 2. The best small phone for power users.,"SD 8 Gen 2, 5.9 inch, Compact flagship, 4300mAh, 30W wireless",Black,In Stock,https://picsum.photos/seed/6796/320/240
P083,HP Spectre x360 14 2-in-1 Laptop,HP,Laptops,2-in-1,164999,179999,4.7,3450,Intel Core Ultra 7 with OLED touch display. Convertible 2-in-1 for maximum versatility.,"Core Ultra 7, OLED touch, 360-degree hinge, 17hr battery, Pen",Natural Silver,In Stock,https://picsum.photos/seed/5051/320/240
P084,Acer Aspire 7 Gaming Laptop,Acer,Laptops,Gaming,59999,69999,4.2,12450,RTX 3050 Ti with Core i5 12th Gen. Great value gaming laptop for budget-conscious gamers.,"RTX 3050 Ti, i5 12th Gen, 16GB RAM, 512GB SSD, 144Hz",Black,In Stock,https://picsum.photos/seed/610/320/240
P085,LG gram 14 Lightweight Laptop,LG,Laptops,Ultrabook,99999,109999,4.6,4230,World's lightest 14-inch laptop at 999g. MIL-SPEC 18 certified for durability and portability.,"999g weight, MIL-SPEC, Core Ultra 5, 22hr battery, IPS",White,In Stock,https://picsum.photos/seed/9477/320/240
P086,Microsoft Surface Pro 10 Tablet,Microsoft,Tablets,Premium,129999,139999,4.5,3450,Snapdragon X Plus chip with neural processing unit. Professional tablet for enterprise use.,"Snapdragon X Plus, Neural NPU, 13-inch display, Slim bezels, USB4",Platinum,In Stock,https://picsum.photos/seed/6775/320/240
P087,Fossil Gen 6 Smartwatch,Fossil,Smartwatches,Premium,19999,24999,4.1,7650,Wear OS 3.5 with fastest Snapdragon W5+ chip. 24-hour+ battery with smart battery modes.,"Wear OS, Fastest charging, SpO2, GPS, 24hr+ battery",Black,In Stock,https://picsum.photos/seed/5624/320/240
P088,Coros Pace 3 GPS Sports Watch,Coros,Smartwatches,Sports,24999,27999,4.5,4230,17-day GPS battery for serious athletes. Lightweight and feature-rich for endurance sports.,"17 day GPS, 38g light, All sports, HR monitor, Navigation",Black,In Stock,https://picsum.photos/seed/5106/320/240
P089,Fire TV Stick 4K Max Streaming,Amazon,Accessories,Streaming,6499,6999,4.4,56780,Wi-Fi 6E support with Ambient Experience. 40% more powerful for smooth 4K streaming.,"4K, Wi-Fi 6E, Ambient Experience, Alexa, Dolby Vision",Black,In Stock,https://picsum.photos/seed/5737/320/240
P090,Google Chromecast 4K Streaming,Google,Accessories,Streaming,6999,7999,4.3,22100,"Google TV built-in with 4K HDR streaming. Voice remote and 80,000+ apps available.","4K HDR, Google TV, Voice remote, Dolby Vision, Wi-Fi 6",White,In Stock,https://picsum.photos/seed/4863/320/240
P091,Xiaomi Smart Band 8 Fitness Tracker,Xiaomi,Smartwatches,Fitness,2999,3999,4.2,45670,16-day battery with 1.62-inch AMOLED display. 150+ workout modes for comprehensive tracking.,"16 day battery, 1.62 AMOLED, 150+ workouts, SpO2, 5ATM",Black,In Stock,https://picsum.photos/seed/5828/320/240
P092,Amazfit Band 7 Fitness Tracker,Amazfit,Smartwatches,Fitness,4499,5999,4.1,18900,18-day battery with Alexa built-in. Health snapshot for a quick full-body health check.,"18 day battery, Alexa, Health snapshot, SpO2, 120+ sports",Black,In Stock,https://picsum.photos/seed/5820/320/240
P093,Razer Blade 15 Gaming Laptop,Razer,Laptops,Gaming,199999,219999,4.7,3450,RTX 4080 with CNC aluminum chassis. The ultimate gaming laptop for professional gamers.,"RTX 4080, i9 13th Gen, 32GB DDR5, QHD 240Hz, Mercury White",Black,In Stock,https://picsum.photos/seed/3809/320/240
P094,Canon PIXMA TS8370 Printer,Canon,Accessories,Printer,12999,16999,4.3,7650,6-ink Wireless Photo Printer with 4800 DPI. Borderless photos up to 8.5x11 inches.,"6-ink, 4800 DPI, Wireless, Borderless, 15 ppm",Black,In Stock,https://picsum.photos/seed/1134/320/240
P095,Belkin 10000mAh Power Bank,Belkin,Accessories,Power Bank,3499,4999,4.3,18760,USB-C and USB-A dual output with PD 15W. Safe and reliable charging for all devices.,"10000mAh, USB-C, USB-A, PD 15W, BMS protection",Black,In Stock,https://picsum.photos/seed/5777/320/240
P096,Anker 65W GaN Charger,Anker,Accessories,Charger,2999,3999,4.6,24560,"GaN technology for compact 65W output. Charges MacBook Air, phones, and tablets simultaneously.","65W GaN, 3 ports, Compact, Smart Temperature Control, USB-C",Black,In Stock,https://picsum.photos/seed/2954/320/240
P097,Samsung 970 EVO Plus 1TB SSD,Samsung,Accessories,Storage,7999,9999,4.7,12450,NVMe SSD with 3500MB/s read speed. Perfect upgrade for laptops and desktops.,"1TB, NVMe, 3500MB/s read, 3300MB/s write, 5 year warranty",Black,In Stock,https://picsum.photos/seed/4492/320/240
P098,WD My Passport 2TB Portable HDD,Western Digital,Accessories,Storage,4999,6499,4.4,18760,Hardware encryption with automatic backup software. Compact and reliable portable storage.,"2TB, AES encryption, Auto backup, USB-C, 5 year warranty",Midnight Black,In Stock,https://picsum.photos/seed/2424/320/240
P099,Logitech MX Master 3S Mouse,Logitech,Accessories,Mouse,9499,10999,4.7,9870,8K DPI any-surface tracking with MagSpeed electromagnetic scrolling. Best productivity mouse.,"8K DPI, MagSpeed scroll, 70 day battery, USB-C, 3 devices",Black,In Stock,https://picsum.photos/seed/9131/320/240
P100,Apple AirTag Item Tracker,Apple,Accessories,Tracker,3190,3490,4.5,34560,Precision finding with Ultra Wideband. Works with Find My network for global location.,"UWB, Find My, IP67, 1 year battery, CR2032",Silver,In Stock,https://picsum.photos/seed/2811/320/240
P101,Redmi 13C Budget Smartphone,Xiaomi,Smartphones,Budget,10999,12999,4.0,45670,MediaTek Helio G85 with 50MP AI camera. Reliable budget smartphone for everyday usage.,"50MP, Helio G85, 5000mAh, 18W charging, Side fingerprint",Mint Green,In Stock,https://picsum.photos/seed/4631/320/240
P102,Boat Airdopes 181 TWS Earbuds,Boat,Earbuds,True Wireless,1799,3499,3.9,34560,20-hour total playback with 10mm drivers. Good bass for budget true wireless earbuds.,"20hr total, 10mm drivers, IPX4, Bluetooth v5.0, Dual EQ",Blue,In Stock,https://picsum.photos/seed/4119/320/240
P103,Sony SRS-XE300 Portable Speaker,Sony,Speakers,Portable,13999,17999,4.4,9870,Line-Shape Diffuser for 360-degree sound. 24-hour battery and IP67 waterproof for outdoor use.,"360 degree sound, 24hr battery, IP67, USB-C, X-Balanced speaker",Black,In Stock,https://picsum.photos/seed/3190/320/240
P104,Cosmic Byte Orion RGB Keyboard,Cosmic Byte,Gaming,Keyboard,1799,3199,3.9,18760,Gaming mechanical keyboard with Outemu Blue switches and full RGB. Budget gaming keyboard.,"Blue switches, Full RGB, Anti-ghosting, Media keys, USB braided",Black,In Stock,https://picsum.photos/seed/4822/320/240
P105,Asus ROG Strix SCAR 18 Gaming Laptop,Asus,Laptops,Gaming,279999,319999,4.8,2340,RTX 4090 with 240Hz miniLED display. Extreme performance machine for professional esports.,"RTX 4090, i9 14th Gen, 32GB DDR5, 240Hz miniLED, ROG cooling",Black,In Stock,https://picsum.photos/seed/6368/320/240
P106,Samsung Galaxy M34 5G Smartphone,Samsung,Smartphones,Mid-Range,18999,21999,4.2,22100,120Hz Super AMOLED with 6000mAh battery. Reliable 5G smartphone for daily use.,"120Hz AMOLED, 6000mAh, Exynos 1280, 25W charging, 50MP",Dark Blue,In Stock,https://picsum.photos/seed/9282/320/240
P107,Nothing Phone 2a Smartphone,Nothing,Smartphones,Mid-Range,23999,26999,4.3,12450,Glyph Interface with Dimensity 7200 Pro. Unique transparent design at mid-range pricing.,"Glyph Interface, Dimensity 7200 Pro, 50MP, 45W, Transparent",Black,In Stock,https://picsum.photos/seed/6590/320/240
P108,Logi MX Brio 4K Webcam,Logitech,Accessories,Webcam,22999,25999,4.5,4230,4K 30fps with AI-powered Show Mode. Automatic light correction for perfect video quality.,"4K 30fps, AI enhancement, Auto light, USB-C, Privacy shutter",Graphite,In Stock,https://picsum.photos/seed/2955/320/240
P109,Boat Wave Flex Connect Smartwatch,Boat,Smartwatches,Budget,2999,5999,3.8,34560,Bluetooth calling with 1.83-inch display. Budget smartwatch with health monitoring features.,"BT calling, 1.83 inch, SpO2, HR, 7 day battery",Black,In Stock,https://picsum.photos/seed/730/320/240
P110,JBL Bar 500 Soundbar,JBL,Speakers,Soundbar,39999,49999,4.5,5670,Dolby Atmos and DTS:X with 590W output. MultiBeam surround sound for an immersive home theater.,"590W, Dolby Atmos, DTS:X, MultiBeam, Subwoofer",Black,In Stock,https://picsum.photos/seed/9580/320/240
P111,Floral Summer Dress,Zara,Clothing,Dress,2999,3999,4.6,150,A beautiful lightweight floral summer dress perfect for casual outings.,"""Floral pattern, Lightweight, Breathable fabric, V-neck""",Floral/White,In Stock,https://picsum.photos/seed/7137/320/240
P112,Elegant Evening Black Gown,H&M,Clothing,Dress,4999,6999,4.8,430,Turn heads at your next event with this elegant evening black gown.,"""Sleeveless, High slit, Premium material, Evening wear""",Black,In Stock,https://picsum.photos/seed/3229/320/240
P113,Boho Maxi Midi Dress,Mango,Clothing,Dress,3499,4499,4.3,210,"Comfortable boho style maxi dress, great for beach wear or vacations.","""Maxi length, Bohemian pattern, Comfortable fit, Stretchable""",Red/Orange,In Stock,https://picsum.photos/seed/1615/320/240
P114,Formal Bodycon Dress,Allen Solly,Clothing,Dress,2599,,4.5,180,A perfect formal bodycon dress for office wear and professional meetings.,"""Bodycon, Formal, Knee-length, Stretchable""",Navy Blue,In Stock,https://picsum.photos/seed/1813/320/240
P115,Casual Denim Shift Dress,Levi's,Clothing,Dress,3999,5499,4.2,320,Stylish casual denim shift dress with pockets and adjustable straps.,"""Denim, Shift dress, Multiple pockets, Casual wear""",Blue,In Stock,https://picsum.photos/seed/82/320/240
P116,Cotton Printed Kurti,Biba,Clothing,Kurti,999,1499,4.3,150,Comfortable cotton printed kurti for daily wear.,"""Cotton, Printed, 3/4th Sleeves, Daily Wear""",Yellow,In Stock,https://picsum.photos/seed/kurti1/320/240
P117,Designer Anarkali Kurti,W for Woman,Clothing,Kurti,1999,2999,4.6,320,Elegant designer Anarkali kurti for festive occasions.,"""Anarkali, Designer, Festive wear, Full Length""",Red,In Stock,https://picsum.photos/seed/kurti2/320/240
P118,Embroidered Silk Kurti,Aurelia,Clothing,Kurti,1499,2199,4.5,210,Beautiful embroidered silk kurti with traditional motifs.,"""Silk, Embroidered, Traditional, Party wear""",Green,In Stock,https://picsum.photos/seed/kurti3/320/240
